jakegagain,@iambroots
jakegagain,@ianheinischmma
jakegagain,@Saitamaguru1
jakegagain,@mannythehitman
jakegagain,@AdamEShelton
jakegagain,@ElonMansur_STC
jakegagain,@cryptojourneyrs
jakegagain,@Z_Humphries
jakegagain,@henokcrypto
jakegagain,@Thorshammergems
jakegagain,@kleingabriel
jakegagain,@BleevesCrypto
jakegagain,@Ntran1234
jakegagain,@phaltron
jakegagain,@ANIMEL0VER94
jakegagain,@VZZNBUILDER1
jakegagain,@VDSC_Official
jakegagain,@voltedranger
jakegagain,@austinahilton
jakegagain,@kryptochay
jakegagain,@brozinkerbell
jakegagain,@degenbarbie
jakegagain,@MemeLordzRPG
jakegagain,@RyanAFournier
jakegagain,@GamebredFighter
jakegagain,@NeiroOnEthereum
jakegagain,@Hannahughes_
jakegagain,@RobDoebelin
jakegagain,@Tokyo
jakegagain,@coderdannn
jakegagain,@sunpumpmeme
jakegagain,@justinsuntron
jakegagain,@CryptoApprenti1
jakegagain,@Recordian_Music
jakegagain,@chintanturakhia
jakegagain,@Pantheonspod
jakegagain,@aavegotchi
jakegagain,@based_minecraft
jakegagain,@DoomerOnBaseCTO
jakegagain,@majinair
jakegagain,@BasedFatherPepe
jakegagain,@BenTodar
jakegagain,@emilyraustin
jakegagain,@cousincrypt0
jakegagain,@souljaboyplz
jakegagain,@MrKillerByte