jakegagain,MOON KING B-ROOTS,@iambroots
jakegagain,Ian Heinisch,@ianheinischmma
jakegagain,Russell Armand,@Saitamaguru1
jakegagain,Mkay SaitaChain,@mannythehitman
jakegagain,Adam Shelton (Captain),@AdamEShelton
jakegagain,ElonMansur,@ElonMansur_STC
jakegagain,Rodney,@cryptojourneyrs
jakegagain,Zach Humphries,@Z_Humphries
jakegagain,Henok,@henokcrypto
jakegagain,Thor | Kirito,@Thorshammergems
jakegagain,GABE KLEIN,@kleingabriel
jakegagain,Bleeves Crypto,@BleevesCrypto
jakegagain,Nam Tran,@Ntran1234
jakegagain,Phaltron The Mastermind,@phaltron
jakegagain,ANIME,@ANIMEL0VER94
jakegagain,#VZZN CORPORATION #VZZNTOKEN,@VZZNBUILDER1
jakegagain,Volted Dragons Sailors Club,@VDSC_Official
jakegagain,Voltedranger,@voltedranger
jakegagain,Austin Hilton,@austinahilton
jakegagain,kryptoChay.eth,@kryptochay
jakegagain,Isabella Maria DeLuca,@IsabellaMDeLuca
jakegagain,Brozinker,@brozinkerbell
jakegagain,degenbarbie,@degenbarbie
jakegagain,MemeLordz,@MemeLordzRPG
jakegagain,Ryan Fournier,@RyanAFournier
jakegagain,Jorge Masvidal,@GamebredFighter
jakegagain,Neiro On Ethereum,@NeiroOnEthereum
jakegagain,Hannah Hughes,@Hannahughes_
jakegagain,Rob Doebelin,@RobDoebelin
jakegagain,coderdan.eth,@coderdannn
jakegagain,SunPump,@sunpumpmeme
jakegagain,H.E. Justin Sun 孙宇晨(hiring),@justinsuntron
jakegagain,Dr.Hash“Wesley”,@CryptoApprenti1
jakegagain,RECORDIAN,@Recordian_Music
jakegagain,Chintan Turakhia,@chintanturakhia
jakegagain,Pantheons Podcast,@Pantheonspod
jakegagain,Aavegotchi,@aavegotchi
jakegagain,basedmc.base.eth,@based_minecraft
jakegagain,DOOMER,@DoomerOnBaseCTO
jakegagain,Air,@majinair
jakegagain,Father Pepe,@BasedFatherPepe
jakegagain,₿en Todar,@BenTodar
jakegagain,Emily Austin,@emilyraustin
jakegagain,cousin crypto,@cousincrypt0
jakegagain,Soulja Boy,@souljaboyplz
jakegagain,MR KillerByte,@MrKillerByte
jakegagain,force.base.eth,@0xf0rce
jakegagain,Flooz,@flooz_xyz
jakegagain,Late Night on Base,@latenightonbase
jakegagain,Quigley.eth,@QuigleyNFT
jakegagain,Gentry Gevers,@gentrywgevers
jakegagain,Hannah Walker,@HannahCrypto_
jakegagain,Donald J. Trump,@realDonaldTrump
jakegagain,zerohedge,@zerohedge
jakegagain,Paolo Ardoino,@paoloardoino
jakegagain,Zaddyprime,@zddy_eth
jakegagain,RachelOnchain.eth,@RachelOnchain
jakegagain,Brock Pierce,@brockpierce
jakegagain,Camryn Kinsey,@camrynbaylee
jakegagain,Mike Miglio,@Mike_Miglio
jakegagain,TOKEN2049,@token2049
jakegagain,Branden Hampton,@inviteonlyceo
jakegagain,Shogun,@tankabagnale
jakegagain,Julia Zuzanna,@Julia_zuz
jakegagain,Cazz,@jakecazz
jakegagain,Jackie | Mother of Degens,@thejackiedutton
jakegagain,Bark,@barkmeta
jakegagain,Steven Steele,@MrStevenSteele
